{
  "JK03_POSTRequest_gunicorn" : {
    "transaction" : "JK03_POSTRequest_gunicorn",
    "sampleCount" : 52874,
    "errorCount" : 4446,
    "errorPct" : 8.408669,
    "meanResTime" : 237.2042970079816,
    "medianResTime" : 48.0,
    "minResTime" : 0.0,
    "maxResTime" : 2577.0,
    "pct1ResTime" : 963.0,
    "pct2ResTime" : 1325.0,
    "pct3ResTime" : 1840.9700000000048,
    "throughput" : 146.00229189965344,
    "receivedKBytesPerSec" : 98.59445866814399,
    "sentKBytesPerSec" : 31.93827640689503
  },
  "Total" : {
    "transaction" : "Total",
    "sampleCount" : 132947,
    "errorCount" : 11621,
    "errorPct" : 8.741077,
    "meanResTime" : 254.7791300292572,
    "medianResTime" : 61.0,
    "minResTime" : 0.0,
    "maxResTime" : 3486.0,
    "pct1ResTime" : 899.0,
    "pct2ResTime" : 1290.0,
    "pct3ResTime" : 2289.0,
    "throughput" : 362.7505818601516,
    "receivedKBytesPerSec" : 227.86675585850634,
    "sentKBytesPerSec" : 72.17298536464827
  },
  "JK03_GETRequest_gunicorn" : {
    "transaction" : "JK03_GETRequest_gunicorn",
    "sampleCount" : 26679,
    "errorCount" : 1515,
    "errorPct" : 5.6786237,
    "meanResTime" : 201.68795681997057,
    "medianResTime" : 54.0,
    "minResTime" : 0.0,
    "maxResTime" : 2605.0,
    "pct1ResTime" : 665.0,
    "pct2ResTime" : 1134.0,
    "pct3ResTime" : 1732.9900000000016,
    "throughput" : 73.18197154354462,
    "receivedKBytesPerSec" : 31.945645781215283,
    "sentKBytesPerSec" : 8.218678444831673
  },
  "JK03_DELETERequest_gunicorn" : {
    "transaction" : "JK03_DELETERequest_gunicorn",
    "sampleCount" : 26805,
    "errorCount" : 2998,
    "errorPct" : 11.184481,
    "meanResTime" : 313.07942548031974,
    "medianResTime" : 65.0,
    "minResTime" : 1.0,
    "maxResTime" : 3486.0,
    "pct1ResTime" : 1261.0,
    "pct2ResTime" : 2020.0,
    "pct3ResTime" : 2822.9900000000016,
    "throughput" : 73.29437789328908,
    "receivedKBytesPerSec" : 49.67411939252209,
    "sentKBytesPerSec" : 16.391027868714062
  },
  "JK03_PATCHRequest_gunicorn" : {
    "transaction" : "JK03_PATCHRequest_gunicorn",
    "sampleCount" : 26589,
    "errorCount" : 2662,
    "errorPct" : 10.011659,
    "meanResTime" : 284.2248298168444,
    "medianResTime" : 80.0,
    "minResTime" : 0.0,
    "maxResTime" : 2587.0,
    "pct1ResTime" : 1018.0,
    "pct2ResTime" : 1304.0,
    "pct3ResTime" : 1840.0,
    "throughput" : 73.17193988612378,
    "receivedKBytesPerSec" : 49.519681973714626,
    "sentKBytesPerSec" : 16.220732767724705
  }
}